{"target": 33.457491010889136, "params": {"act_func": 1.6464405117819743, "act_func_td": 2.430378732744839, "f_hl_r": 1.602763376071644, "lr": 0.04605656488330721, "n_hl_r": 1.270964398016714, "opt": 1.2917882261333122}, "datetime": {"datetime": "2020-01-13 22:28:59", "elapsed": 0.0, "delta": 0.0}}
